{"cameraMode":{"drawMode":0,"name":"Shaded","section":"Shading Mode"},"sceneLighting":false,"audioPlay":false,"sceneViewState":{"showFog":true,"showMaterialUpdate":true,"showSkybox":true,"showFlares":true,"showImageEffects":true,"showParticleSystems":true},"in2DMode":false,"pivot":{"x":0.1086462140083313,"y":2.3299999237060549,"z":0.555722713470459},"rotation":{"x":-0.17904862761497498,"y":-0.05545913800597191,"z":0.010109788738191128,"w":-0.9822238683700562},"size":4.423093318939209,"orthographic":false}