{"cameraMode":{"drawMode":0,"name":"Shaded","section":"Shading Mode"},"sceneLighting":false,"audioPlay":false,"sceneViewState":{"showFog":true,"showMaterialUpdate":true,"showSkybox":true,"showFlares":true,"showImageEffects":true,"showParticleSystems":true},"in2DMode":false,"pivot":{"x":0.728577196598053,"y":3.1713500022888185,"z":3.0411384105682375},"rotation":{"x":0.11794884502887726,"y":0.09845058619976044,"z":-0.011741864494979382,"w":0.9880721569061279},"size":13.830792427062989,"orthographic":false}