{"cameraMode":{"drawMode":0,"name":"Shaded","section":"Shading Mode"},"sceneLighting":true,"audioPlay":false,"sceneViewState":{"showFog":true,"showMaterialUpdate":true,"showSkybox":true,"showFlares":true,"showImageEffects":true,"showParticleSystems":true},"in2DMode":false,"pivot":{"x":4.432379722595215,"y":-1.6417598724365235,"z":-0.6799430847167969},"rotation":{"x":-0.17904862761497498,"y":-0.05545913800597191,"z":0.010109788738191128,"w":-0.9822238683700562},"size":27.542152404785158,"orthographic":false}