{"cameraMode":{"drawMode":0,"name":"Shaded","section":"Shading Mode"},"sceneLighting":true,"audioPlay":false,"sceneViewState":{"showFog":true,"showMaterialUpdate":true,"showSkybox":true,"showFlares":true,"showImageEffects":true,"showParticleSystems":true},"in2DMode":false,"pivot":{"x":-0.014207959175109864,"y":-0.20004451274871827,"z":-0.09863686561584473},"rotation":{"x":-0.12966905534267426,"y":0.09929800778627396,"z":0.013064762577414513,"w":0.9865458607673645},"size":1.963458776473999,"orthographic":false}